{"cameraMode":{"drawMode":0,"name":"Shaded","section":"Shading Mode"},"sceneLighting":false,"audioPlay":false,"sceneViewState":{"showFog":true,"showMaterialUpdate":false,"showSkybox":false,"showFlares":true,"showImageEffects":true,"showParticleSystems":true},"in2DMode":false,"pivot":{"x":13.200252532958985,"y":8.657699584960938,"z":3.5920629501342775},"rotation":{"x":-0.4728420078754425,"y":0.5222954154014587,"z":-0.45012587308883669,"w":-0.5486692190170288},"size":2.1434133052825929,"orthographic":false}