{"cameraMode":{"drawMode":0,"name":"Shaded","section":"Shading Mode"},"sceneLighting":true,"audioPlay":false,"sceneViewState":{"showFog":true,"showMaterialUpdate":false,"showSkybox":true,"showFlares":true,"showImageEffects":true,"showParticleSystems":true},"in2DMode":false,"pivot":{"x":13.407800674438477,"y":-0.1886911392211914,"z":12.013812065124512},"rotation":{"x":-0.5770480632781982,"y":0.01982388086616993,"z":-0.014020069502294064,"w":-0.8163630962371826},"size":2.986948013305664,"orthographic":false}