{"cameraMode":{"drawMode":0,"name":"Shaded","section":"Shading Mode"},"sceneLighting":false,"audioPlay":false,"sceneViewState":{"showFog":true,"showMaterialUpdate":false,"showSkybox":false,"showFlares":true,"showImageEffects":true,"showParticleSystems":true},"in2DMode":false,"pivot":{"x":63.093162536621097,"y":26.551998138427736,"z":-24.587295532226564},"rotation":{"x":0.1715967059135437,"y":-0.47019466757774355,"z":0.09376154839992523,"w":0.8606352210044861},"size":3.0522828102111818,"orthographic":false}